{
  "evaluation_completed": true,
  "timestamp": "2025-07-25T16:48:52.171614",
  "duration_seconds": 159.783987,
  "model_path": "/scratch-shared/azadaianchuk1/blip3o_workspace/checkpoints/fixed_training_patch_only_13294486_20250725_144916",
  "training_mode": "patch_only",
  "torch_dtype": "torch.float32",
  "num_inference_steps": 50,
  "normalize_embeddings": true,
  "evaluation_methodology": {
    "step_1": "Compute cosine similarity for each patch",
    "step_2": "Average over all patches to get image similarity",
    "step_3": "Average over all images to get overall similarity",
    "normalize_embeddings": true
  },
  "results_summary": {
    "overall_cosine_similarity": 0.0010746382176876068,
    "per_image_mean_similarity": 0.0010746382176876068,
    "per_image_std_similarity": 0.0020213399548083544,
    "per_patch_mean_similarity": 0.0010746382176876068,
    "per_patch_std_similarity": 0.03121158666908741,
    "high_quality_images_percentage": 0.0,
    "very_high_quality_images_percentage": 0.0,
    "excellent_quality_images_percentage": 0.0,
    "total_images": 1000,
    "total_patches": 256000,
    "avg_generation_time_per_batch": 1.1286750559999994
  },
  "detailed_results": {
    "overall_cosine_similarity": 0.0010746382176876068,
    "per_image_mean_similarity": 0.0010746382176876068,
    "per_image_std_similarity": 0.0020213399548083544,
    "per_patch_mean_similarity": 0.0010746382176876068,
    "per_patch_std_similarity": 0.03121158666908741,
    "num_images_evaluated": 1000,
    "num_batches_evaluated": 125,
    "patches_per_image": 256,
    "total_patches_evaluated": 256000,
    "avg_generation_time_per_batch": 1.1286750559999994,
    "total_generation_time": 141.08438199999992,
    "high_quality_patches_ratio": 0.0,
    "very_high_quality_patches_ratio": 0.0,
    "excellent_quality_patches_ratio": 0.0,
    "high_quality_images_ratio": 0.0,
    "very_high_quality_images_ratio": 0.0,
    "excellent_quality_images_ratio": 0.0,
    "min_patch_similarity": -0.13178901374340057,
    "max_patch_similarity": 0.13476188480854034,
    "min_image_similarity": -0.005198591388761997,
    "max_image_similarity": 0.0072171688079833984,
    "patch_similarity_p25": -0.019937142729759216,
    "patch_similarity_p50": 0.0010748044587671757,
    "patch_similarity_p75": 0.022093290463089943,
    "image_similarity_p25": -0.0003165940288454294,
    "image_similarity_p50": 0.0010745381005108356,
    "image_similarity_p75": 0.002429899061098695
  }
}